Title,Image,Download
A1,https://drive.google.com/thumbnail?id=1QJf3TFXxAGj1-fF03x4TBm7HSyRZWsc0&sz=w1000,https://drive.google.com/uc?export=download&id=1gGNkgu0MZXSJ3I4H1Xj3odDKNxbn6tY0
A2,https://drive.google.com/thumbnail?id=14tJB2W40NvySR1eM9mBREiZVv0wyA2Kh&sz=w1000,https://drive.google.com/uc?export=download&id=1K8ZGvNc_L2RV_ukrZytX1dUeu5e_Wfd-
A3,https://drive.google.com/thumbnail?id=1W9edXy-7MRqfJObZnQgDEBvFr78wz6iH&sz=w1000,https://drive.google.com/uc?export=download&id=1TLAUoZtyEFF53K5xwOAgtT6dGA_EcUNU
A4,https://drive.google.com/thumbnail?id=1LBo5nwurdT6cB-PWG-vdb0aCa_NBijN2&sz=w1000,https://drive.google.com/uc?export=download&id=1rmak5FBhtEh0WfKEBGPEw0_acBjHGj4P
A5,https://drive.google.com/thumbnail?id=1e_kUP0QUh93dWFh5T6iGLeimp7b_8gRh&sz=w1000,https://drive.google.com/uc?export=download&id=1jUg6EvT8Fd0pVRiPzXnHKAZf3DplttCA
A6,https://drive.google.com/thumbnail?id=1GAce9Q_YotIO_4AHMxhZFuBe5rUhb6ve&sz=w1000,https://drive.google.com/uc?export=download&id=16Ib3K4F7EdayvtuQpxbMV87jC9xUeyR8
A7,https://drive.google.com/thumbnail?id=1Y-M9FhLUv1LtYucNG-jJ8nCkpEhgdjvg&sz=w1000,https://drive.google.com/uc?export=download&id=1noTfQh3qjm0XPzKi-JAjyhb_OIOneBEV
A8,https://drive.google.com/thumbnail?id=1YnyzHIParLjTq1uxDU8ygNQ1gC0Mvgle&sz=w1000,https://drive.google.com/uc?export=download&id=1pjiAwfaQXJe_OReEHV1r346yR-41y4sb
A9,https://drive.google.com/thumbnail?id=1vUfu8Y3DT5FOQ-LDXT5KcdC7wseCBxe0&sz=w1000,https://drive.google.com/uc?export=download&id=1WPcdPw8i9WGGvhDgGYbjzgs65woXne45
A10,https://drive.google.com/thumbnail?id=1co8V4vy1hOn20XnFuPw3lLJlGnRhMC1s&sz=w1000,https://drive.google.com/uc?export=download&id=1XGv9O7e967plgkRTZ-VYHMdy2GrHgHQe
A11,https://drive.google.com/thumbnail?id=1ISgkd7P3E0Rm9T6BSxTMyDm1aLdSbHRJ&sz=w1000,https://drive.google.com/uc?export=download&id=1pRkObKMmh3SS6Jr7rQLjWl6oehIgTkv1
A12,https://drive.google.com/thumbnail?id=1wxgdkf7NMmnKIj0hbAoJ916c5SGPkcdG&sz=w1000,https://drive.google.com/uc?export=download&id=1DFJ-0k-VK46fgxUwyJNh-CRyJrhFn3Ds
A13,https://drive.google.com/thumbnail?id=1QqbS0kQzJsvH-1kCA2PRWpuugpVIlHCy&sz=w1000,https://drive.google.com/uc?export=download&id=1laIBxZYh-JKYUwh1cu2DSlKEuvrTNMe0
A14,https://drive.google.com/thumbnail?id=1cLllg_GCRnzamImDtpH9tjD5BbZ_WSfW&sz=w1000,https://drive.google.com/uc?export=download&id=1YbzQ-9kttt9yF5mCXEmdH6s3Js68820-
A15,https://drive.google.com/thumbnail?id=1vIwk3pwvxgBTBf-nf6ooxNK_X9cQ_xZe&sz=w1000,https://drive.google.com/uc?export=download&id=1U5OvbujCFK89frq_MhVwSPs_rlbESD08
A16,https://drive.google.com/thumbnail?id=1qJEZsdDV5YIvnm1YTuyjlxjIo74kKM3k&sz=w1000,https://drive.google.com/uc?export=download&id=1EQyhmn-iBqaBL_19VvNupPsTQE-02YTc
A17,https://drive.google.com/thumbnail?id=1P1k_OokBK6P-sfGjLqj-qF0h3XyiDSMg&sz=w1000,https://drive.google.com/uc?export=download&id=1fjrKGFAaq2hY0R4kfNut0vdAj7oPhwPw
A18,https://drive.google.com/thumbnail?id=1XJ3ngYmKDyrdRcTgOmmXxJsAj8AcVhei&sz=w1000,https://drive.google.com/uc?export=download&id=16xwVu3CE_laIqD6zhEG9_ZSeb3jk6rU5
A19,https://drive.google.com/thumbnail?id=1Q7UiyYyfaN8ml1cME0wQ0c4PepWdXyY9&sz=w1000,https://drive.google.com/uc?export=download&id=1gTmkuJKPjBt-EysDWppa-BRXlim4HZBP
A20,https://drive.google.com/thumbnail?id=1zsLM-0jyDOXJhu_BmzPscEVHuLHHkM6M&sz=w1000,https://drive.google.com/uc?export=download&id=1KVdbVVmgqjNVwdFsmFAYgenz2xyVDf0X
A21,https://drive.google.com/thumbnail?id=1iuokmaBQgf94_IIPsB3wuUkWgDvbaLUH&sz=w1000,https://drive.google.com/uc?export=download&id=1aKyMjonzPAOO2EEA9AEfPc2fEd12nL1l
A22,https://drive.google.com/thumbnail?id=1j0ySthl82soBNLrr-MPyWg14OrRrrNld&sz=w1000,https://drive.google.com/uc?export=download&id=1EfPpSWvIQoF9EbNO0yZfZiDuZRrKBF1W
A23,https://drive.google.com/thumbnail?id=1ghEJdkJQyMcRLTxx0uf6pYhjPGxJcXNU&sz=w1000,https://drive.google.com/uc?export=download&id=1YsFmR_5v-kWHmhYGIB5Jj-DRvbteoXN1
A24,https://drive.google.com/thumbnail?id=1ZaPQGyprPrx3rmAGp0ju7XSqJd6CQ7x5&sz=w1000,https://drive.google.com/uc?export=download&id=1sJDN_kuLdzg5OoRi9B0g4zzjooQiQpp2
A25,https://drive.google.com/thumbnail?id=1cG9kFEm9SNXFSpMxYppX3Hzp8d6ZWPnc&sz=w1000,https://drive.google.com/uc?export=download&id=1u34TimiGySyWfiuxf9JWT-32nLbSury6
A26,https://drive.google.com/thumbnail?id=1rea2CtkdJM2kJ04H8XHuKdEPTxkkiPTS&sz=w1000,https://drive.google.com/uc?export=download&id=1NVEVFoZcqnTBinJhRfERQ0j1YwBB5_CQ
A27,https://drive.google.com/thumbnail?id=10dI2gCbIuykSlKWBzfV2IDL955lEQ8Yo&sz=w1000,https://drive.google.com/uc?export=download&id=17_aRulD83lMoFCo0fRgUHXbB6zv3XK-M
A28,https://drive.google.com/thumbnail?id=1Ta-xHoPPNFWFZ0kRfgzAcIXB1ARzvt5S&sz=w1000,https://drive.google.com/uc?export=download&id=1XP9k7a_5ZaWBfyOmBdIExLAgX4mOo8F4
A29,https://drive.google.com/thumbnail?id=11KBIyqmQQ1_Oe1wbjqxkaKNHiKeW2bmL&sz=w1000,https://drive.google.com/uc?export=download&id=1savvm-tCg1iO4abwWAcU1j9TqaEJe1En
A30,https://drive.google.com/thumbnail?id=1MyKzSuRf0BnbAwrG2UoNHWD40cpvKbA9&sz=w1000,https://drive.google.com/uc?export=download&id=16qKrCmAxPw9s0RI8ktXTEuYWheekrqrY
A31,https://drive.google.com/thumbnail?id=1ZyKI78bdeY-_HyqN2Lzljq4tX-MtkEzW&sz=w1000,https://drive.google.com/uc?export=download&id=1a4vnH3nI_bmp-qMyt3wiBvO8QMZuhLpS
A32,https://drive.google.com/thumbnail?id=1fvLtGJK8Q4JWZhIubhrk8LtgIMaKqikL&sz=w1000,https://drive.google.com/uc?export=download&id=1enO48kgeqmUkuE8GW6rNZEsJA9ciKntl
A33,https://drive.google.com/thumbnail?id=11oLpgVQO2J0KxUde85zQiReUdvrmPeMq&sz=w1000,https://drive.google.com/uc?export=download&id=1im7sV2QR7zPj7T9Otk0ODkM2HSIDriG3
A34,https://drive.google.com/thumbnail?id=15fZwg1xknm9zS3jrDzfeM7mAuyBZ4cLK&sz=w1000,https://drive.google.com/uc?export=download&id=1acuJNSJfGlPjurk6UAbI6Vx3668daA2B
A35,https://drive.google.com/thumbnail?id=1n07wVDNZcFl_GRawdxSSeH_q0SjIswZV&sz=w1000,https://drive.google.com/uc?export=download&id=1ZC8MnHommXPl1mPDkHmYcxwTQG50A-WR
A36,https://drive.google.com/thumbnail?id=1uOnxvRbRRIu3zRC-aqiioyMW6PqV0YXL&sz=w1000,https://drive.google.com/uc?export=download&id=15JWL29dklA9Vx55UEGzab7bncG9rrsK9
A37,https://drive.google.com/thumbnail?id=11SMuvAf3vT7rFmeCpn-xw7bkPqJhqQL2&sz=w1000,https://drive.google.com/uc?export=download&id=1nqsKTNKiNY_r2isitV5my52Q1mmIgt3x
A38,https://drive.google.com/thumbnail?id=1fhobsBVozC4RN6EVrSn4iO0cusIewzCv&sz=w1000,https://drive.google.com/uc?export=download&id=1ZJmBy96fBtFqkHiXk9NhdJgQYpCUQ2-r
A39,https://drive.google.com/thumbnail?id=1Q1HwJC6BULMYbwrWOKsGkUMsXvdb3Jm_&sz=w1000,https://drive.google.com/uc?export=download&id=1IblBtAjjocuLoxAWo4q7HKlECeUjX9XN
A40,https://drive.google.com/thumbnail?id=17ouJ0UYOL0mIWoa5KWU033w4Clv7atB0&sz=w1000,https://drive.google.com/uc?export=download&id=1c7hflfyqJqnu1uQd9pIBKZdwX3DO1_Y-
A41,https://drive.google.com/thumbnail?id=1icsT-rKUayfXhceoiHZoedqEkLmdRyAc&sz=w1000,https://drive.google.com/uc?export=download&id=1p8ElkFSCnXBHJewymN9wsKv5eWpN2Q37
A42,https://drive.google.com/thumbnail?id=1FU9ijPynV0TEt6o6etBXg_ygiNP-ne2M&sz=w1000,https://drive.google.com/uc?export=download&id=1AXfB07Z-kIv-dlAQcLUEFpWJsq1rmrry
A43,https://drive.google.com/thumbnail?id=1kQstJR70zEhWr8TbyEs0Gd4WCyRCAU2r&sz=w1000,https://drive.google.com/uc?export=download&id=1mLOZWKeJEFtNlVHS3vdd2q0CSmIPjQ55
A44,https://drive.google.com/thumbnail?id=1z0jiniQulN6XD9mf8pSUczDWsiQNlcCZ&sz=w1000,https://drive.google.com/uc?export=download&id=1ZizD4NJd9neKLRjtouh-xjZbN1Z2Vaz0
A45,https://drive.google.com/thumbnail?id=1YOU4Ad8VwbBlypz5wKJQG3DvWipGBqQ_&sz=w1000,https://drive.google.com/uc?export=download&id=1q9OBeO-1wBub6ImGWew_DToDQKRKehdO
A46,https://drive.google.com/thumbnail?id=1xLrcznKvizlPSXrNfX5spng2AlhAVkNx&sz=w1000,https://drive.google.com/uc?export=download&id=1G-IdlCEeUmnpkSeoPzyaKbYm_GqnBJTJ
A47,https://drive.google.com/thumbnail?id=1JdzXQemt3Wghxqa70nABFji5_66KL64W&sz=w1000,https://drive.google.com/uc?export=download&id=1e-RveEHAoE1Dej69xq6at9vca2eJ2irB
A48,https://drive.google.com/thumbnail?id=10otDO0v9bKSLKP1G_RkwI2kU9YW8MOgt&sz=w1000,https://drive.google.com/uc?export=download&id=1oSlTT6u39AX5Jpwv-dJQL_4U02YO67uF
A49,https://drive.google.com/thumbnail?id=18vSiyXogMMUOmuB5VrqGMKp5TGfmLQL4&sz=w1000,https://drive.google.com/uc?export=download&id=1dHHVAucZuJBxhMS8JUwd99Y8S3_QzaO3
A50,https://drive.google.com/thumbnail?id=10JIIVVoKJGcqPxYn0UKn4oyH9g6HHbG3&sz=w1000,https://drive.google.com/uc?export=download&id=1JVj7YZb-ZgZP8PaZ24zn0-KgRrJJzmss
A51,https://drive.google.com/thumbnail?id=1rtX4NCPjte96mKLRtgLlP6asQW4KIkxX&sz=w1000,https://drive.google.com/uc?export=download&id=1WLhN6QMK4y1JwAoFFOlMSkZeh3hZtPNg
A52,https://drive.google.com/thumbnail?id=1rAQmdTHgi7Uu_2x-IiGvsHNqL7Pfd2VR&sz=w1000,https://drive.google.com/uc?export=download&id=1x7-rD58NhYSEmQpgnZOqrj0HgtLg7O4d
A53,https://drive.google.com/thumbnail?id=1duL53KqWYluaXsNbQg9UL1wnu2z41aw0&sz=w1000,https://drive.google.com/uc?export=download&id=1QUbc36Ko2lRcGeqW7Gs2mNU874rLomAL
A54,https://drive.google.com/thumbnail?id=1jn78L3WAXtHAGsPjaqLgdNLhLFb75ZdC&sz=w1000,https://drive.google.com/uc?export=download&id=1vjP0X-gQ1fCCCfSKbdwLEEGt8iuV7gNg
A55,https://drive.google.com/thumbnail?id=1tC13rqCZNsZgtALETl021b5ZAfiHuiyg&sz=w1000,https://drive.google.com/uc?export=download&id=1hQVwoZOTCxs7PEP7-Ov6ve-rWXg2y5BV
A56,https://drive.google.com/thumbnail?id=1O-qCPNvdEfhRK9eE8Wu2u8eOWaNoNWMy&sz=w1000,https://drive.google.com/uc?export=download&id=1veYZIlAKqXcSgHYmgjpWZvCtmWlLSYJY
A57,https://drive.google.com/thumbnail?id=1_miVkUMiF2X3naia65TbUZyNVcazIvcn&sz=w1000,https://drive.google.com/uc?export=download&id=1aqu8Stm0MaUA9Aj406VeJmNegX_Hr7gU
A58,https://drive.google.com/thumbnail?id=11Airk7hAsFa16WJwwoM7Z-UcoQ-ldghG&sz=w1000,https://drive.google.com/uc?export=download&id=1Yk5koU1nBG-ZEMs-ELbPfgS0E9ysD-tg
A59,https://drive.google.com/thumbnail?id=1p4Aq18mRE0iMr2knLqMWUmLqfLT6giLS&sz=w1000,https://drive.google.com/uc?export=download&id=1ieJL7MjUTzdtJalYTDrwyJvYgZ1UBnTW
A60,https://drive.google.com/thumbnail?id=1aLsmnRB22HZ04DsZOiEuQJ7BdGgKYUDr&sz=w1000,https://drive.google.com/uc?export=download&id=1ghdJSR8e2fBWvHp4TBRFJg1R1xijCDp7
A61,https://drive.google.com/thumbnail?id=1ZubW-_sDtBBLMyriuXMQ4zpEeMZSIjNh&sz=w1000,https://drive.google.com/uc?export=download&id=11xnqT5DOfBqReAKwZq-va9LSK5Wc_eea
A62,https://drive.google.com/thumbnail?id=1tmT2mWzxa3f6SN8E9fg2CMoZTc-3EGP2&sz=w1000,https://drive.google.com/uc?export=download&id=1IqoGt_OI49PvYCAQPDRsDIAhnz93rYgt
A63,https://drive.google.com/thumbnail?id=1HEZCT69ZCl6QVl1zjAquw0hU6L756JIn&sz=w1000,https://drive.google.com/uc?export=download&id=1kVafrHrA_jxYqBtEQW86LsJ0CuGD64Ji
A64,https://drive.google.com/thumbnail?id=1PgbpaH8HgEkHd1KIKAXeZ2UDbqJgOcO5&sz=w1000,https://drive.google.com/uc?export=download&id=1ZksRQGLFRJkkBBxXa0TKc9SkGKLUweoN
A65,https://drive.google.com/thumbnail?id=1JkTDWe2sSVs7Vr0BuHMBBqiThhSAqoo-&sz=w1000,https://drive.google.com/uc?export=download&id=1nUghNq1zNDSEsOg0GLvCaGwy5WmDJ2a9
A66,https://drive.google.com/thumbnail?id=1H_3bvJABqik84BJQwQn1VEpG3A7Y66_S&sz=w1000,https://drive.google.com/uc?export=download&id=1F02nNiASH8HeZ2N5xe5jx4zzlmSexHY8
A67,https://drive.google.com/thumbnail?id=1Dw2uqs-5jHMeB4D_JNRXImUSrXoO5jHT&sz=w1000,https://drive.google.com/uc?export=download&id=1LBF9RgqXCZvTrlP0zbJSXBbVdYhjmpS-
A68,https://drive.google.com/thumbnail?id=1h88r-Mp08EuNNTTL2ugKrIk77TQLfVSO&sz=w1000,https://drive.google.com/uc?export=download&id=1T4CL32QkmgcjlKQV_4yhXbUBmstDtsUG
A69,https://drive.google.com/thumbnail?id=12vQPO51r3yRHGGMAJZ7uAeCQKzXKMyIa&sz=w1000,https://drive.google.com/uc?export=download&id=1NGDA41AaBElVQFTsHXxny5Hxm7ciw71j
A70,https://drive.google.com/thumbnail?id=10PYTmBHflAKQT9Fzru3Dsn_n0nlVmcXb&sz=w1000,https://drive.google.com/uc?export=download&id=1eKkXfIJvxaRyxtVdl9Na7Upa-dgjkKZg
A71,https://drive.google.com/thumbnail?id=1HUm8HPoyml8vMGpayuaa0Y5XXZFUgKe9&sz=w1000,https://drive.google.com/uc?export=download&id=1W43F-9jI6GdJJvzfGvrmL9ctO5O0oF2y
A72,https://drive.google.com/thumbnail?id=1lg-WVPtQM2XQtL-TEH5YUIhtJ1eVGO2b&sz=w1000,https://drive.google.com/uc?export=download&id=1W3-kavf_BwGulih263DK5K6I7jyVujgS
A73,https://drive.google.com/thumbnail?id=1I5-W9n5k-fdcjWjCbbLZlTl_a5j27BUF&sz=w1000,https://drive.google.com/uc?export=download&id=1_l9TqNWLt7x-_ibDnPn0DYGw5mbqtfMA
A74,https://drive.google.com/thumbnail?id=1TCwdw4GAFbg6sjnBYgfGV2H3Qhv8pXNU&sz=w1000,https://drive.google.com/uc?export=download&id=1Cja6lU-ApHO_fChcWA9rObtsW0IwuDte
A75,https://drive.google.com/thumbnail?id=1RR4qzpOPU_2ZT3r6FhDJuuV0S8ENXpSj&sz=w1000,https://drive.google.com/uc?export=download&id=1M7pRAuG8VEjzSdYfDZgcA7mU578mkKWF
A76,https://drive.google.com/thumbnail?id=1FpxsYnKv3BjP9bR3AEziPfV3E36NBX8P&sz=w1000,https://drive.google.com/uc?export=download&id=1HiBLboE7RHtNCNRZSOj-M0ccXZB_xrA-
A77,https://drive.google.com/thumbnail?id=1YfcUSn7u-O4yArlOPMcaMwJxfT-CQr_Z&sz=w1000,https://drive.google.com/uc?export=download&id=1C0QGW4ER_NfXlTBTVK4OHXia6CSGG__s
A78,https://drive.google.com/thumbnail?id=1YbAlf0vk984tVfd0i2Cl4Xp34R5xngm_&sz=w1000,https://drive.google.com/uc?export=download&id=1OMJXbIKHtaT3x1uPPmflx6z799hoLECw
A79,https://drive.google.com/thumbnail?id=1exoNhsHL160x6wODAzMaws236ZRzbZjr&sz=w1000,https://drive.google.com/uc?export=download&id=1-nr49vSbDP4NzRJwh8zD_UyEE_3DXoir
A80,https://drive.google.com/thumbnail?id=1aAzX2TDcbg_X13g6N_VMt3bNuGLa39gX&sz=w1000,https://drive.google.com/uc?export=download&id=1tzKlx_woI0yyj8bniF3ay_jP5NJqDa7J
A81,https://drive.google.com/thumbnail?id=1O10qyHN9V3R9tnKyJxfGu9CA6RQJ0bAC&sz=w1000,https://drive.google.com/uc?export=download&id=157TERduVMPv_HwdWrpNA-OAEQcGQ6f9-
A82,https://drive.google.com/thumbnail?id=1In5MCtFuYWrQ_MaNiZtchu8NkQl21OBQ&sz=w1000,https://drive.google.com/uc?export=download&id=1HMblwzSJbsHbW9CxWB-lUlYXe9NGzOkb
A83,https://drive.google.com/thumbnail?id=1AQ0N63y4QDYJzv1acjhUW1E_VqbGEhDb&sz=w1000,https://drive.google.com/uc?export=download&id=1VQ-2pFpXQTgmiktpO9NOsseuqceJTOa_
A84,https://drive.google.com/thumbnail?id=1Dmryv38JTETMYdNAMgMaAApCoq4x_3X7&sz=w1000,https://drive.google.com/uc?export=download&id=1XuSrrr63pQ4TLSINiVqzTZLKZuKN8JTt
A85,https://drive.google.com/thumbnail?id=1ZJ-w86lw9mkqFqdjBmQTAQ1yZizN2hPc&sz=w1000,https://drive.google.com/uc?export=download&id=1L4UYw52XJtijgGkMWIeUwvO5vRJew9Vv
A86,https://drive.google.com/thumbnail?id=1cXpghSdDqvZhVEDfZuQWNmgdBT46F4pg&sz=w1000,https://drive.google.com/uc?export=download&id=1Z9iC2TyyX0tdffdvvyL_Qngpi3q0_3ej
A87,https://drive.google.com/thumbnail?id=1ZUupwaPREt7_LCrsye7FDHaTaQb7NTbo&sz=w1000,https://drive.google.com/uc?export=download&id=1wW28RIUTmG-UkEpC5lMpMq-tvtBq_icg
A88,https://drive.google.com/thumbnail?id=1WjcBQ_3pPhTf8_yg-wnABPcikFZp2wvK&sz=w1000,https://drive.google.com/uc?export=download&id=1GYBB7kStfSalm8jxxZwkOJbkuG8XKcQB
A89,https://drive.google.com/thumbnail?id=1WZYcaDrWixC7bY9g_jFBWGY9pnU9QEpN&sz=w1000,https://drive.google.com/uc?export=download&id=1JvcUTsgQw5LDlqBDOVUuHrgDP0WGcIUl
A90,https://drive.google.com/thumbnail?id=11vdTEnho8zU8u_J2IfRC42pWK4BDAem9&sz=w1000,https://drive.google.com/uc?export=download&id=1rgAt_cGKsUVpI98heSWQJ9b47nt3hmmr
A91,https://drive.google.com/thumbnail?id=1gR4D_dQumndJz23PbEiahovnERx2D7rz&sz=w1000,https://drive.google.com/uc?export=download&id=11xx1HmfD6Bi7JqKlurrs9_qZYd28vdCk
A92,https://drive.google.com/thumbnail?id=160MhzWeiugScZjsdPVxTMBGBndGFPxUP&sz=w1000,https://drive.google.com/uc?export=download&id=1iSAPmbZsd9AlfWU5Fwb1rWiFRsnhjapd
A93,https://drive.google.com/thumbnail?id=1ppu6R2tE0DbzrhxQMtAS9gxKQVvdV0sK&sz=w1000,https://drive.google.com/uc?export=download&id=1JmxoI-UWM6YCMBX5yMP-VlMqBeGDT-vy
A94,https://drive.google.com/thumbnail?id=1mwsfdGmTgKEugJkjyX24oktrcDLQ-Y22&sz=w1000,https://drive.google.com/uc?export=download&id=1BvfIQ_LCHw4SdBaxLMiTuIRSB7cINv62
A95,https://drive.google.com/thumbnail?id=1HyYsvGaX2pLCH5v7OfU4qLGg-eURRRFT&sz=w1000,https://drive.google.com/uc?export=download&id=11FUqlS0reTk-XAUknSH9SVnEy1NE5B9_
A96,https://drive.google.com/thumbnail?id=1ovAyXyj8Tb5BVNMCHOUbFZVgUtr0BYS4&sz=w1000,https://drive.google.com/uc?export=download&id=1wMTk0d1ctyTgZRaBuMnwXhahWYJU6oXl
A97,https://drive.google.com/thumbnail?id=1fozMGuidIzq5iz8bz6MtmmX8V2PG4TEG&sz=w1000,https://drive.google.com/uc?export=download&id=1TELJcyPTqHyYIDqNCAOtJS3-hkPV0iqK
A98,https://drive.google.com/thumbnail?id=1uOWciJ8kbEgh5jzHZhczC9se6HpKUUFh&sz=w1000,https://drive.google.com/uc?export=download&id=1VWYUWLNuxipNmP256n9nZe08UBL91Etz
A99,https://drive.google.com/thumbnail?id=11VfLQTTJBSEkIxIpS1lf-q5V4PggV555&sz=w1000,https://drive.google.com/uc?export=download&id=1ckmdLI23l73kGouY2RLlkSujSrbGQ4fE
A100,https://drive.google.com/thumbnail?id=1iPMJvl9J1XAomlhiSh0oJo3QmBF-H5tk&sz=w1000,https://drive.google.com/uc?export=download&id=1GkKzxp7QWWO25tAiK4tK1406xoc2AU_s
A101,https://drive.google.com/thumbnail?id=1GqR6dphQfouz1rskjTzqolpmbvsV_5MY&sz=w1000,https://drive.google.com/uc?export=download&id=1WnAOUactuqQmr6jUvq01aBvZdn0WQ50V
A102,https://drive.google.com/thumbnail?id=1U46pGtW0C1nmeF2sm8gNV98euy7v_gaC&sz=w1000,https://drive.google.com/uc?export=download&id=1VTZ-Gzlpt4kMPXCtHCDch_4LbeAodrOX
A103,https://drive.google.com/thumbnail?id=1zF05SdjJtK66XIxJTB8Vnx3COufeRZfg&sz=w1000,https://drive.google.com/uc?export=download&id=11UkLccSED2KAheBeGiPs0ZzjFN9_xtJs
A104,https://drive.google.com/thumbnail?id=12-scgSYcdLYqjbT7ymiFc9dvMHMSTMl3&sz=w1000,https://drive.google.com/uc?export=download&id=1wNxIsJk_nSAg1qdCcTNo7QDEnoxOXHcf
A105,https://drive.google.com/thumbnail?id=1xdqcw5I1Uj9pMI8svSRPqEAe5S5uLROz&sz=w1000,https://drive.google.com/uc?export=download&id=1UdyZmvGXsmLCyibICE_QR4dS984RVRJF
A106,https://drive.google.com/thumbnail?id=1UiRl8Xw23PO8CH-Fcv0sBTWc4lQS7CtN&sz=w1000,https://drive.google.com/uc?export=download&id=1DdUITHFL2zqnscadbQWCpZdukxtmGDIg
A107,https://drive.google.com/thumbnail?id=1fHiUASPR6E-foIqUsZrezog1Eas_Ku-u&sz=w1000,https://drive.google.com/uc?export=download&id=1P7fpu6MwFZ7R2XmxPf-u7Tbysqp08-BT
A108,https://drive.google.com/thumbnail?id=1i3ma2A20cpVUiaqJB_U0mr39Z5XwA5Fl&sz=w1000,https://drive.google.com/uc?export=download&id=1zdUsGzo0SiQB0d6a3SIC44bNcr98DtrE
A109,https://drive.google.com/thumbnail?id=1OR5OlbMm3ULpas7Ye783fPGA_u9Txk0C&sz=w1000,https://drive.google.com/uc?export=download&id=1Z04hDNIfTJ25ioMcndUYr1ughos36u-x
A110,https://drive.google.com/thumbnail?id=1vY8dHrjyMnx5J3UEk3EUV3t_UZDWn42Z&sz=w1000,https://drive.google.com/uc?export=download&id=131noe7tSdthTtBIgREcaOM_soRaFJsze
A111,https://drive.google.com/thumbnail?id=1jAIapXOsh4B3ETu6srZhVRbeA34xBReK&sz=w1000,https://drive.google.com/uc?export=download&id=1Hj81x9R5UJ7VU7amdkbrcwnZjFOBRS7W
A112,https://drive.google.com/thumbnail?id=1UKBKnt7K_s46tr0NRCv2sSUWEcqWw0UO&sz=w1000,https://drive.google.com/uc?export=download&id=1UsPgDWZeZX5_CrLIim__V1hDjN06t_UK
A113,https://drive.google.com/thumbnail?id=1n2p0Ivk1JxOVICEXk3cH5WcJHugK23u7&sz=w1000,https://drive.google.com/uc?export=download&id=1hNmSrE9CheNh_wHky8bd324_TBIERXVL
A114,https://drive.google.com/thumbnail?id=1fZgT4rezudM1LHxpmgZT_J35-F0GfSrg&sz=w1000,https://drive.google.com/uc?export=download&id=1s2pjAH5jlVMXQLdRJqwLqcOTV56MW_0n
A115,https://drive.google.com/thumbnail?id=1-WVqwL29SYjSstCJ2-pH8Cet78ikhDKH&sz=w1000,https://drive.google.com/uc?export=download&id=1DpODava9qvvmTu79fNyaFBuMu0mB5Bt9
A116,https://drive.google.com/thumbnail?id=1XtI6eGTUg4Fgp30XaD8_4EZX1awp7BIp&sz=w1000,https://drive.google.com/uc?export=download&id=16Y9sh_hHKKG3nPKrWEBspsZ06krhSv7U
A117,https://drive.google.com/thumbnail?id=1dE-mb-WzgnaQuq1SM37kX6SuH7SkcKQq&sz=w1000,https://drive.google.com/uc?export=download&id=1-IiwFbG2BznRXkajZalc2jJDQ7Qhuwx9
A118,https://drive.google.com/thumbnail?id=1wdO3JG45WHLTG9H3NAlDVHBbomSwMveg&sz=w1000,https://drive.google.com/uc?export=download&id=1AELG8dLB2jzRO7YFg5lZbrScl52sbei5
A119,https://drive.google.com/thumbnail?id=1nsVqAHpQn3X7wkm4XojsaSarY2FpAGmL&sz=w1000,https://drive.google.com/uc?export=download&id=1vaqIQc_uCNdKdrym9WjuJc4k88L1_4lv
A120,https://drive.google.com/thumbnail?id=1wt4x3PS0JeIkIAychnerzci0G6nhwwOo&sz=w1000,https://drive.google.com/uc?export=download&id=156ec0bTz3JPJLalZ4Pxstkq4skPuRRJ0
A121,https://drive.google.com/thumbnail?id=1CVnZR9c6tZBGxXFYcYZ3o56CjiWHZKpL&sz=w1000,https://drive.google.com/uc?export=download&id=1XN0SmsginbHt3dpwoKIVWHpVRERUcPAI
A122,https://drive.google.com/thumbnail?id=1UCNAZplyjoGoekzjypg4NE6ZEoin26tS&sz=w1000,https://drive.google.com/uc?export=download&id=1hHcxCAsP42em5Kn2c0mUioRIJbxQIAdD
A123,https://drive.google.com/thumbnail?id=15x4fptbCD8F-n_6v-r_pLcDowVBnmSvL&sz=w1000,https://drive.google.com/uc?export=download&id=18IA9nuxd8j31ZxIj_AHDzlCK9SYrZGRo